[
  {
    "id": 1,
    "name": "John Doe",
    "bloodType": "A+",
    "location": {
      "lat": 37.7749,
      "lng": -122.4194,
      "city": "San Francisco",
      "state": "CA"
    }
  },
  {
    "id": 2,
    "name": "Jane Doe",
    "bloodType": "B+",
    "location": {
      "lat": 34.0522,
      "lng": -118.2437,
      "city": "Los Angeles",
      "state": "CA"
    }
  },
  {
    "id": 3,
    "name": "Bob Smith",
    "bloodType": "O+",
    "location": {
      "lat": 40.7128,
      "lng": -74.006,
      "city": "New York",
      "state": "NY"
    }
  },
  {
    "id": 4,
    "name": "Alice Johnson",
    "bloodType": "AB+",
    "location": {
      "lat": 41.8781,
      "lng": -87.6298,
      "city": "Chicago",
      "state": "IL"
    }
  },
  {
    "id": 5,
    "name": "Mike Brown",
    "bloodType": "A-",
    "location": {
      "lat": 29.7604,
      "lng": -95.3698,
      "city": "Houston",
      "state": "TX"
    }
  },
  {
    "id": 6,
    "name": "Emily Davis",
    "bloodType": "B-",
    "location": {
      "lat": 39.7392,
      "lng": -104.9903,
      "city": "Denver",
      "state": "CO"
    }
  },
  {
    "id": 7,
    "name": "Tom Harris",
    "bloodType": "O-",
    "location": {
      "lat": 33.4484,
      "lng": -112.0739,
      "city": "Phoenix",
      "state": "AZ"
    }
  },
  {
    "id": 8,
    "name": "Linda Martin",
    "bloodType": "AB-",
    "location": {
      "lat": 30.2672,
      "lng": -97.7431,
      "city": "Austin",
      "state": "TX"
    }
  },
  {
    "id": 9,
    "name": "David Lee",
    "bloodType": "A+",
    "location": {
      "lat": 37.0902,
      "lng": -95.7129,
      "city": "Tulsa",
      "state": "OK"
    }
  },
  {
    "id": 10,
    "name": "Sarah Taylor",
    "bloodType": "B+",
    "location": {
      "lat": 35.7796,
      "lng": -78.6382,
      "city": "Raleigh",
      "state": "NC"
    }
  }
]
